품명,예측적정가,과지출지표,과지출퍼센트,표본수,군집,군집명,이상치
3차원프린터,3742026,0.167,18.0,8,,,
DB관리시스템소프트웨어,9457101,0.373,45.0,51,,,
DVD드라이브,22867,-0.422,-34.0,1,,,
LCD패널또는모니터,303545,-0.078,-8.0,189,,,
LED공기청정등기구,789905,0.287,33.0,2,,,
LED램프,64509,0.075,8.0,63,,,
LED실내조명등,70441,0.006,1.0,615,2.0,진입제한 시장,0.0
RFID음식물쓰레기종량기임대서비스,2140642,0.161,17.0,12,,,
SAN스위치,373830,3.502,300.0,14,,,
pH측정기,1117029,-0.142,-13.0,1,,,
가공치즈,7461,0.17,19.0,35,3.0,블루오션 후보,0.0
가드레일,294453,-0.118,-11.0,404,2.0,진입제한 시장,0.0
가로등주및부속자재,937510,0.055,6.0,11530,,,
가로수보호판,210562,-0.072,-7.0,490,3.0,블루오션 후보,0.0
가스마스크,31843,0.036,4.0,1,,,
가야금,1894939,0.242,27.0,116,,,
가정용믹싱보울,25270,0.96,161.0,1,,,
가정용세탁기,892914,-0.145,-13.0,10,3.0,블루오션 후보,0.0
가정용스쿠프,12524,0.406,50.0,2,,,
가정용식기세척기,1352083,0.425,53.0,1,,,
가정용쟁반또는타원접시,41245,0.288,33.0,1,,,
가정용전기레인지,416218,-0.266,-23.0,23,3.0,블루오션 후보,0.0
가정용전자레인지,52886,0.524,69.0,2,,,
가정용접시,107654,-0.335,-28.0,1,,,
가정용진공보온병,25977,0.38,46.0,1,,,
가축매몰지복원서비스,178898,0.853,135.0,18,,,
간장,6322,-0.301,-26.0,14,,,
간판대또는스탠드,124834,0.096,10.0,809,2.0,진입제한 시장,0.0
간편조리세트,35238,0.085,9.0,38,3.0,블루오션 후보,0.0
간호사복,22048,0.115,12.0,16,3.0,블루오션 후보,0.0
감염병예방용방역살균소독제,20962,-0.599,-45.0,6,,,
갓김치,24194,0.111,12.0,80,3.0,블루오션 후보,0.0
"강당,경기장용의자또는특수목적의자",340714,0.034,3.0,268,,,
강연대,336509,0.017,2.0,392,2.0,진입제한 시장,0.0
강판,2200990,-0.057,-6.0,108,,,
개인여가·오락·취미용및감성교감로봇,4773099,0.142,15.0,1,,,
개인용소형가방,7790,1.513,300.0,3,,,
거문고,3701058,-0.038,-4.0,34,,,
거주로조명설비,281011,-0.031,-3.0,228,2.0,진입제한 시장,0.0
건설용거푸집,150032,0.511,67.0,1,,,
건습식진공청소기,377012,0.033,3.0,72,3.0,블루오션 후보,0.0
건식잠수복,862535,1.481,300.0,5,,,
견과류또는건조실과류,6844,0.298,35.0,13,,,
견장및어깨장식,1977,0.031,3.0,1711,,,
경관조명,408683,-0.012,-1.0,43032,1.0,진입제한 시장,1.0
경보장치,1338694,0.106,11.0,84,,,
경영관리소프트웨어,12472227,-0.354,-30.0,38,,,
경유,4421,-0.955,-62.0,1,,,
경질폴리염화비닐관,110929,0.173,19.0,328,,,
경질폴리염화비닐이음관,9609,0.217,24.0,87,2.0,진입제한 시장,0.0
계단부품,32976,0.056,6.0,1069,,,
계장제어장치,24828411,0.13,14.0,181,,,
고무마루재,41787,0.123,13.0,6,,,
고압나트륨램프,13106,-0.222,-20.0,5,3.0,블루오션 후보,0.0
고추장및고추장만들기키트,16577,-0.131,-12.0,35,2.0,진입제한 시장,0.0
고춧가루및실고추,16075,0.478,61.0,10,3.0,블루오션 후보,0.0
곡류가루,3995,-0.164,-15.0,4,,,
"공구보관용함,상자또는캐비닛",1022698,-0.076,-7.0,125,,,
공기밸브,400802,0.317,37.0,27,,,
공기살균기,3087468,0.093,10.0,48,,,
공기순환기,718554,-0.012,-1.0,602,,,
공기여과기,50124,0.006,1.0,5,,,
공기조화기,68854861,-0.015,-1.0,725,,,
공기청정기,2100191,-0.374,-31.0,46,3.0,블루오션 후보,0.0
공조용경질덕트,47034,0.129,14.0,1,,,
관개수위조절장치,17149922,0.053,5.0,18,,,
관리기,3081097,-0.215,-19.0,24,,,
광고판,1069176,0.006,1.0,769,,,
광분배함,279090,-0.031,-3.0,31,,,
광섬유케이블어셈블리,59381,-0.052,-5.0,59,,,
광송신기또는수신기,2626110,-0.513,-40.0,12,,,
교단,551836,0.006,1.0,69,3.0,블루오션 후보,0.0
교량난간,279271,0.025,3.0,1700,1.0,진입제한 시장,0.0
교량받침,2612840,0.001,0.0,2576,,,
교량용신축이음장치,910402,0.037,4.0,1360,,,
교방고(敎坊鼓),160186,2.419,300.0,1,,,
교실용걸상,48008,-0.004,-0.0,171,2.0,진입제한 시장,0.0
교육용놀이세트,1496565,0.06,6.0,93,,,
교탁,277171,0.015,2.0,227,2.0,진입제한 시장,0.0
교통관제시스템,15751691,0.508,66.0,5,,,
교통신호등,246520,-0.006,-1.0,2038,1.0,진입제한 시장,0.0
교통표지,2030947,-0.023,-2.0,5614,,,
구급차,108787687,0.07,7.0,2,,,
구내방송장치,41608458,0.01,1.0,1103,,,
구명조끼,89743,-0.043,-4.0,9,3.0,블루오션 후보,0.0
구충제,14977,0.812,125.0,49,,,
국내여행서비스,134286,0.75,112.0,4,,,
국탕류,5328,-0.007,-1.0,269,,,
군복,35799,0.007,1.0,393,2.0,진입제한 시장,0.0
그네,7097274,-0.162,-15.0,185,,,
그래픽소프트웨어,2599635,-1.153,-68.0,10,3.0,블루오션 후보,0.0
그레이더또는정지기,7532727,-0.023,-2.0,25,,,
그레이팅덮개,90922,0.01,1.0,122,3.0,블루오션 후보,0.0
그리스,11534,0.832,130.0,1,,,
금속기둥,3836493,-0.007,-1.0,860,,,
금속돌망태,35698,-0.048,-5.0,345,,,
금속드럼,18890,1.424,300.0,1,,,
금속문세트,13867,0.035,4.0,76,,,
금속제울타리,273430,0.013,1.0,28586,,,
금속제창,14786,0.032,3.0,2318,,,
기계마운트또는방진장치,4837778,-0.353,-30.0,1,,,
기념품,50885,-0.213,-19.0,5,,,
기동복,43975,0.051,5.0,196,2.0,진입제한 시장,0.0
기동화,50687,0.136,15.0,55,3.0,블루오션 후보,0.0
기어오일,16826,3.268,300.0,1,,,
기타놀이기구,9208811,-0.016,-2.0,657,,,
기타박엽지,99404,-0.416,-34.0,11,,,
기타방수재,60106,0.084,9.0,4,,,
기타생활용살균기,1529873,-0.924,-60.0,1,,,
기타주방용품,3814,0.271,31.0,1,,,
기타진단용약,199641,0.041,4.0,13,,,
기타청소서비스,82113,0.145,16.0,300,,,
기타화초,2561,-0.085,-8.0,2258,,,
기포단열재,48523,-0.027,-3.0,64,,,
김치냉장고,1459745,-0.299,-26.0,4,,,
깍두기,16866,-0.089,-9.0,138,2.0,진입제한 시장,0.0
낙석방지책,403264,0.133,14.0,871,,,
난방용전열관,118389,-0.049,-5.0,215,3.0,블루오션 후보,0.0
난방용필름또는시트,27249,0.197,22.0,16,3.0,블루오션 후보,0.0
난방패널,52266,0.196,22.0,27,,,
남성용구두,42671,0.0,0.0,15,3.0,블루오션 후보,0.0
남성용셔츠,34256,-0.216,-19.0,20,3.0,블루오션 후보,0.0
남성용슬리퍼,6192,-0.1,-10.0,9,,,
남성용외투,100438,0.082,9.0,92,2.0,진입제한 시장,0.0
남성용운동복,23084,0.171,19.0,83,,,
남성용운동화,29371,0.034,3.0,15,3.0,블루오션 후보,0.0
남성용전통의류,38902,1.35,286.0,1,,,
남성용조끼,34289,-0.111,-11.0,34,3.0,블루오션 후보,0.0
납골안치단,117722,0.136,15.0,53,,,
내벽패널,111257,0.031,3.0,576,,,
내복,19061,0.166,18.0,13,2.0,진입제한 시장,0.0
냉각팬,205263,0.273,31.0,13,,,
냉난방기,9504363,-0.033,-3.0,5,,,
냉동빵,4401,0.154,17.0,73,2.0,진입제한 시장,0.0
냉동트럭,26941874,0.096,10.0,10,,,
냉방기,1547472,0.13,14.0,5,,,
냉장냉동겸용장치,1621725,0.031,3.0,34,3.0,블루오션 후보,0.0
냉장진열장,2837179,-0.227,-20.0,4,,,
네트워크게이트웨이,5831493,-0.777,-54.0,2,,,
네트워크스위치,1107742,0.067,7.0,881,,,
네트워크시스템장비용랙,914121,-0.039,-4.0,250,,,
네트워크케이블,3090,2.454,300.0,5,,,
네트워크회의용소프트웨어,7821521,0.029,3.0,9,,,
"넥타이,스카프또는머플러",7674,0.011,1.0,36,,,
노면청소차,29925110,1.776,300.0,7,,,
노트북컴퓨터,1990047,0.048,5.0,86,3.0,블루오션 후보,0.0
논두렁조성기,5041250,-0.053,-5.0,6,,,
농구대,6800232,-0.074,-7.0,403,,,
농산물줄기절단기,7447624,-0.194,-18.0,7,,,
농업용트랙터,29045737,0.058,6.0,12,,,
농작물살충살균제,148840,-3.005,-90.0,1,,,
농작물살충제,127223,-0.252,-22.0,11,,,
농축산용방역장비,8156794,0.041,4.0,17,,,
눈및얼음융해장치,51555719,0.532,70.0,4,,,
다기능복사기,783860,-0.331,-28.0,49,3.0,블루오션 후보,0.0
다단식운반차,505012,-0.002,-0.0,32,3.0,블루오션 후보,0.0
다목적운반차,7391040,-0.018,-2.0,17,,,
다운라이트설비,34601,0.093,10.0,125,2.0,진입제한 시장,0.0
단독경보형감지기,6317,0.384,47.0,11,2.0,진입제한 시장,0.0
단무지,6063,-0.07,-7.0,33,3.0,블루오션 후보,0.0
단체보험,5148186,0.504,66.0,186,,,
담요,18147,-0.054,-5.0,1,,,
담쟁이덩굴,1117,0.197,22.0,5,,,
당비파,1805717,0.633,88.0,1,,,
대형냉장고,19226743,0.201,22.0,8,,,
덤프트럭,66605850,0.176,19.0,9,,,
덩어리얼음제조기,4118609,-0.499,-39.0,5,,,
데이터서비스,21317904,2.239,300.0,1,,,
덱(Deck),83649,0.063,7.0,477,1.0,진입제한 시장,0.0
덱플레이트,34392,-0.035,-3.0,57,3.0,블루오션 후보,0.0
도로명주소표지판,139803,0.025,3.0,1889,,,
도로반사경,132038,0.303,35.0,15,3.0,블루오션 후보,0.0
도로안전표지판지주,514813,0.0,0.0,1815,2.0,진입제한 시장,0.0
도로조명설비,415351,0.005,1.0,527,,,
도로중앙분리대,322704,-0.155,-14.0,112,,,
도로표지병,108542,0.014,1.0,880,1.0,진입제한 시장,0.0
도로화물운송서비스,3194,0.068,7.0,1,,,
도서관리시스템,10913121,0.14,15.0,57,,,
도장형바닥재,34239,0.001,0.0,526,,,
도청방지기,480774,3.454,300.0,1,,,
독서대,24121,1.134,211.0,1,,,
돌리,228018,-0.043,-4.0,47,,,
동보장치,1873187,0.136,15.0,28,,,
동양제붓,45789,0.256,29.0,18,0.0,관망 시장,0.0
동축케이블,3561,0.007,1.0,2,,,
된장,17686,-0.357,-30.0,24,2.0,진입제한 시장,0.0
두부류,7229,-0.144,-13.0,41,,,
두유음료,9175,-2.502,-90.0,4,,,
등안정기,34909,-0.053,-5.0,38,2.0,진입제한 시장,0.0
등유,4583,-1.042,-65.0,1,,,
등짐펌프,58595,-0.133,-12.0,17,,,
디젤발전기,45486158,-0.041,-4.0,59,,,
디지털비디오레코더,6312380,0.08,8.0,269,,,
디지털카메라,1527873,0.027,3.0,39,3.0,블루오션 후보,0.0
디지털캠코더또는비디오카메라,1512305,-0.274,-24.0,29,,,
따로분류되지않은대사성의약품,27362,0.004,0.0,138,,,
떡,4769,-0.2,-18.0,95,,,
라디오튜너,573996,-0.122,-11.0,14,3.0,블루오션 후보,0.0
라운지용의자,472861,-0.009,-1.0,2729,2.0,진입제한 시장,0.0
래미네이션필름,24428,1.859,300.0,2,,,
랙캐비닛용패널,92225,-0.217,-20.0,257,,,
레미콘,101923,0.027,3.0,149,2.0,진입제한 시장,1.0
레벨센서및트랜스미터,5411678,0.4,49.0,1,,,
레이저프린터,778639,-0.234,-21.0,68,3.0,블루오션 후보,0.0
로봇페인팅서비스,77774,0.483,62.0,11,,,
로커,315531,-0.009,-1.0,17984,1.0,진입제한 시장,0.0
롤링문,9258954,-0.026,-3.0,267,,,
롤업셰이드,34152,0.038,4.0,927,,,
리모트앰프,1012235,-0.124,-12.0,69,3.0,블루오션 후보,0.0
리셉터클,15984,0.047,5.0,113,3.0,블루오션 후보,0.0
리프트게이트트럭,26569234,0.055,6.0,9,,,
릴레이보드또는다중릴레이모듈,1009485,-0.202,-18.0,42,,,
마스크또는보조용품,1564,0.131,14.0,22,,,
마이크로폰,362073,-0.05,-5.0,184,3.0,블루오션 후보,0.0
마이크스탠드,121386,-0.055,-5.0,87,3.0,블루오션 후보,0.0
마킹페인트,39486,0.008,1.0,87,2.0,진입제한 시장,0.0
막구조물,423830,0.009,1.0,1018,3.0,블루오션 후보,0.0
매트리스,177474,-0.033,-3.0,679,2.0,진입제한 시장,0.0
매트리스커버,37996,-0.432,-35.0,4,,,
매트형유흡착재,1169,-0.323,-28.0,4,,,
맨홀뚜껑,354256,-0.026,-3.0,590,,,
맨홀박스,337593,0.018,2.0,7453,2.0,진입제한 시장,0.0
맨홀보조물,98537,2.202,300.0,1,,,
머그컵,43215,0.241,27.0,3,,,
멀티미디어교육용소프트웨어,3635434,-0.202,-18.0,257,,,
멀티미디어수신기,1819364,-0.101,-10.0,83,,,
멀티미디어영상현미경,3380293,-0.238,-21.0,37,3.0,블루오션 후보,0.0
멀티미디어학습시스템,13104224,0.043,4.0,240,,,
멀티스크린컴퓨터,56485081,0.263,30.0,69,,,
메가폰,187284,0.056,6.0,5,,,
메탈할라이드램프,38301,-0.028,-3.0,30,2.0,진입제한 시장,0.0
면도기,12302,-0.02,-2.0,7,0.0,관망 시장,1.0
면도날,11755,-0.576,-44.0,7,,,
면역혈청학적검사용시약,601626,0.295,34.0,37,,,
면평직물,6391,-1.109,-67.0,2,,,
명함첩,21967,0.117,12.0,5,0.0,관망 시장,0.0
모래살포기,16170496,0.132,14.0,28,,,
모르타르,61162,0.046,5.0,2,,,
모자,12972,-0.093,-9.0,239,3.0,블루오션 후보,0.0
모조보석장신구,229429,-0.536,-41.0,2,,,
목재마루재,54788,-0.1,-10.0,108,,,
목재판재,55925,0.167,18.0,28,,,
목제문세트,180518,0.01,1.0,223,,,
목제창,194792,-0.071,-7.0,16,,,
무고(舞鼓),153392,0.969,164.0,3,,,
무균대,5022884,-0.122,-11.0,44,,,
무기수산화물,9059,3.749,300.0,1,,,
무기질도막방수재,142371,-0.501,-39.0,12,,,
무선데이터통신장비,911493,0.049,5.0,11,,,
무선랜액세스포인트,4084985,-0.634,-47.0,53,3.0,블루오션 후보,0.0
무선마이크장치,577516,0.094,10.0,347,3.0,블루오션 후보,0.0
무인교통감시장치,13937507,0.021,2.0,430,,,
무인기활용서비스,1602194,0.05,5.0,5,,,
무인비행기,4858024,0.27,31.0,5,,,
무정전전원장치,46061401,-0.038,-4.0,1940,,,
묵류,13254,-0.566,-43.0,10,,,
문서세단기및보조용품,1012510,-0.152,-14.0,210,,,
미끄럼방지바닥포장재,33908,0.018,2.0,686,,,
미끄럼틀,6312798,-0.147,-14.0,48,,,
미니버스,6227012,2.117,300.0,3,,,
바리케이드,111609827,0.069,7.0,20,,,
박(拍),1144955,-0.979,-62.0,1,,,
방녹제,7265,0.368,44.0,3,,,
방석,301386,-0.41,-34.0,2,,,
방수시트,56362,-0.321,-27.0,15,3.0,블루오션 후보,0.0
방수재킷또는우비,44936,0.322,38.0,24,,,
방수혼화제,63430,-0.215,-19.0,3,,,
방음벽및방음판,111169,0.02,2.0,578,3.0,블루오션 후보,0.0
방한화,94506,0.105,11.0,10,3.0,블루오션 후보,0.0
방향제,60188,-1.153,-68.0,3,,,
방화벽장치,23548594,0.07,7.0,111,,,
배낭,30776,-0.26,-23.0,93,2.0,진입제한 시장,0.0
배선반,31720115,-0.016,-2.0,720,,,
배수로,187989,-0.006,-1.0,3652,,,
배수판,22834,-0.086,-8.0,6,3.0,블루오션 후보,0.0
배식대,818100,-0.009,-1.0,258,,,
배전반,41635954,-0.01,-1.0,13457,,,
배전용변압기,45472959,0.015,2.0,256,,,
배지또는배지홀더,1686,0.049,5.0,873,,,
배추김치,18053,-0.013,-1.0,348,2.0,진입제한 시장,0.0
배토기,3110572,0.256,29.0,5,,,
백김치,19180,-0.1,-10.0,82,3.0,블루오션 후보,0.0
백신,40201,-0.093,-9.0,185,,,
밸브보호통또는밸브실,13372068,-0.003,-0.0,1262,,,
버스,104108919,0.745,111.0,5,,,
버스승강장,11748962,-0.022,-2.0,1726,2.0,진입제한 시장,0.0
버터플라이밸브,15092613,-0.007,-1.0,1626,,,
버티컬블라인드,41614,0.143,15.0,1,,,
번역서비스,33215,0.073,8.0,1133,,,
범용윤활유,122605,0.613,85.0,8,0.0,관망 시장,0.0
베개,6359,0.178,19.0,10,,,
베갯잇,4810,-0.087,-8.0,25,3.0,블루오션 후보,0.0
벤치,401388,0.099,10.0,166,,,
벽시계,26865,0.789,120.0,2,,,
벽지,85380,-0.035,-3.0,4,,,
변조기,1262051,0.262,30.0,97,,,
병포장또는보존처리된주스,10502,-0.167,-15.0,28,,,
보관용선반,266340,-0.003,-0.0,1878,3.0,블루오션 후보,0.0
보안용카메라,1954630,-0.141,-13.0,661,,,
보조사료,54764,0.03,3.0,812,3.0,블루오션 후보,1.0
보조책상,210212,0.019,2.0,779,1.0,진입제한 시장,0.0
보행자감지기,8265974,0.095,10.0,17,,,
복사기,5907599,0.143,15.0,50,,,
볼라드,193539,0.048,5.0,1514,1.0,진입제한 시장,0.0
볼밸브,21747769,-0.319,-27.0,35,,,
볼펜,25786,0.198,22.0,4,,,
부숙유기질비료,9043,-0.182,-17.0,18,3.0,블루오션 후보,0.0
부스터펌프,28976772,-0.026,-3.0,429,,,
부식억제장비,8233038,0.066,7.0,44,,,
부채,25595,-0.352,-30.0,1,,,
북,254160,0.273,31.0,79,,,
분무기,4135770,0.255,29.0,33,,,
분사제,52258,-0.085,-8.0,1,,,
분석및과학용소프트웨어,1341089,-0.368,-31.0,155,,,
분전반,3863954,-0.028,-3.0,2884,,,
브래킷,414665,0.022,2.0,374,,,
브레이크유,9846,-0.487,-39.0,2,,,
비금속막대,1722,-0.121,-11.0,4,,,
비금속명판,1293,0.071,7.0,11,,,
비누,34085,0.009,1.0,24,0.0,관망 시장,0.0
비닐피복기또는수거기,4176549,-0.117,-11.0,4,,,
비데,211089,0.127,14.0,18,3.0,블루오션 후보,0.0
비디오스위쳐,3767279,0.215,24.0,176,3.0,블루오션 후보,0.0
비디오프로젝터,5793485,-0.105,-10.0,120,,,
비료살포기또는분배기,2077744,-0.314,-27.0,23,,,
비상구용발광표지,93701,-0.079,-8.0,31,,,
비스킷또는쿠키,6673,-0.994,-63.0,5,,,
빌딩자동제어장치,78443448,0.002,0.0,63,,,
사류펌프,3372615,4.057,300.0,1,,,
사무용소프트웨어,1508407,-0.526,-41.0,106,,,
사무환경기기임대서비스,4221857,3.165,300.0,1,,,
사업시설관리용로봇,64527743,-0.09,-9.0,2,,,
사우나기,1032486,3.673,300.0,2,,,
사원복,38891,0.013,1.0,336,2.0,진입제한 시장,0.0
산소,19718,-0.277,-24.0,2,,,
산업용공기,41713,0.836,131.0,2,,,
산업제어소프트웨어,6176305,-0.046,-4.0,212,,,
살균수제조장치,7601117,-0.05,-5.0,21,3.0,블루오션 후보,0.0
살균제,38188,-0.063,-6.0,239,3.0,블루오션 후보,0.0
살수기,1292575,0.382,47.0,4,,,
살수차,173085696,-0.035,-3.0,5,,,
상업용곰솥또는국솥,6183494,-0.075,-7.0,156,,,
상업용국자,15182,0.943,157.0,1,,,
상업용그리들,3057173,0.138,15.0,68,2.0,진입제한 시장,0.0
상업용레인지,855828,0.026,3.0,39,,,
상업용밥솥,2266906,0.225,25.0,21,,,
상업용서빙트레이,6569,0.373,45.0,4,,,
상업용식기세척기,7917080,0.261,30.0,66,2.0,진입제한 시장,0.0
상업용싱크대,605886,0.015,2.0,492,,,
상업용오븐,22496107,-0.029,-3.0,206,,,
상업용조리대,524813,-0.142,-13.0,418,,,
상업용주방후드,1385742,-0.064,-6.0,773,,,
상온담백한파스타또는면류,3601,-0.05,-5.0,70,,,
상온보관용빵,5820,0.003,0.0,3,,,
상온보관우유또는버터제품,839,0.158,17.0,42,,,
상온해조류,3821,0.506,66.0,25,,,
상자,1645875,-0.087,-8.0,23,,,
상체근력강화기,2789773,-0.136,-13.0,153,,,
상품권,43797,-1.541,-79.0,1,,,
샐러드드레싱또는딥,8563,0.021,2.0,66,,,
생물안전작업대,7160589,0.498,65.0,3,,,
생선통조림,13757,0.136,15.0,4,,,
생화학적검사용시약,258721,0.617,85.0,18,0.0,관망 시장,0.0
서지방지장치,245287,-0.011,-1.0,12,,,
석재블록,33796,0.009,1.0,2747,,,
석재타일및판석,82757,-0.004,-0.0,5371,,,
선풍기,88469,-0.251,-22.0,16,3.0,블루오션 후보,0.0
세라믹기와,5733,0.209,23.0,122,,,
세라믹벽돌,879,-0.021,-2.0,135,,,
세라믹타일또는판석,154576,0.033,3.0,155,,,
세면기,673106,0.222,25.0,22,,,
세면용수건,3561,-0.091,-9.0,6,,,
세척장치,2101283,-1.03,-64.0,1,,,
세탁물건조기,5176622,0.038,4.0,12,,,
소공간용소화용구,98121,0.382,47.0,12,3.0,블루오션 후보,0.0
소공후,1744545,0.667,95.0,1,,,
소독서비스,5360474,1.54,300.0,1,,,
소방복,107461,1.439,300.0,18,,,
소방용수동식용구,33961,0.021,2.0,58,,,
소주,21914,-0.029,-3.0,10,3.0,블루오션 후보,0.0
소지품케이스,3108,0.06,6.0,2,,,
소파,566006,0.001,0.0,4569,2.0,진입제한 시장,0.0
소프트웨어유지및지원서비스,492253,0.156,17.0,688,,,
소형정수장치,21095555,0.292,34.0,81,,,
소형화물용엘리베이터,36092382,-0.029,-3.0,37,,,
소화용기구,25761,0.028,3.0,7,2.0,진입제한 시장,0.0
속셔츠,8034,-0.214,-19.0,5,,,
손목시계,33521,-0.014,-1.0,13,2.0,진입제한 시장,0.0
손세정제,6704,-0.126,-12.0,5,3.0,블루오션 후보,0.0
손소독기,1583292,-0.799,-55.0,16,,,
손수건,6432,0.469,60.0,8,3.0,블루오션 후보,0.0
손잡이,12932,0.24,27.0,18,3.0,블루오션 후보,0.0
손톱깎이,32823,0.064,7.0,6,0.0,관망 시장,1.0
송풍기,30977971,0.396,49.0,16,,,
송풍용팬,18439730,-0.521,-41.0,61,,,
쇄토기,4194053,-0.197,-18.0,32,,,
수강용탁자,323152,0.01,1.0,2459,2.0,진입제한 시장,0.0
수공후,1859117,0.604,83.0,1,,,
수관누수탐지기,977145,0.213,24.0,1,,,
수관보일러,46084494,0.061,6.0,5,,,
수납식관람석,2197939,-0.111,-11.0,153,,,
수량계,96925,0.04,4.0,1150,2.0,진입제한 시장,0.0
수량계보호통,139523,-0.067,-6.0,738,2.0,진입제한 시장,0.0
수목보호용지지대,389172,-2.753,-90.0,3,,,
수문,4997621,-0.045,-4.0,1653,,,
수문권양기,2800908,0.088,9.0,1144,,,
수산물가공품류,12770,0.004,0.0,186,,,
수성페인트,92236,-0.449,-36.0,15,,,
수소,26565,1.424,300.0,2,,,
수소스포츠유틸리티차량,40330849,0.622,86.0,3,,,
수업보조용소프트웨어,105082576,-1.948,-86.0,11,,,
수영시설기구,103226,0.229,26.0,51,,,
수위관리및조절기구,6264129,-0.437,-35.0,2,,,
수위조절기,5488424,-0.001,-0.0,273,,,
수장고용수납장,3901370,-0.075,-7.0,73,,,
수중조명,601241,0.257,29.0,36,,,
수중펌프,120000005,-0.105,-10.0,14,,,
수질분석기,5738465,0.694,100.0,8,,,
수질조정장치,34381354,0.218,24.0,2,,,
수학여행서비스,302674,6.493,300.0,1,,,
수확기,7092985,0.147,16.0,18,,,
스마트카드,1145,0.178,19.0,2,,,
스캐너,1691644,-0.557,-43.0,12,3.0,블루오션 후보,0.0
스키드스티어로더,17782900,0.677,97.0,1,,,
스탬프,83846,-1.028,-64.0,1,,,
스토브,382018,0.103,11.0,189,3.0,블루오션 후보,0.0
스톤네트,131407,-0.047,-5.0,159,3.0,블루오션 후보,0.0
스툴의자,120588,0.017,2.0,1228,2.0,진입제한 시장,0.0
스트로보또는경고등,103839,0.514,67.0,2,,,
스틸그레이팅,115823,-0.021,-2.0,8413,2.0,진입제한 시장,0.0
스틸파일,1780,0.043,4.0,37,,,
스포츠유틸리티차량,62450864,-0.102,-10.0,15,,,
스포츠음료또는에너지음료,1134,0.163,18.0,27,,,
스푼,19536,0.204,23.0,45,3.0,블루오션 후보,0.0
스피커,1332110,-0.011,-1.0,1152,,,
스피커스탠드,351992,-0.436,-35.0,13,3.0,블루오션 후보,0.0
스피커제어유닛,1098058,0.133,14.0,152,,,
슬러지두께측정기,7709221,-0.008,-1.0,3,,,
습식잠수복,267955,0.484,62.0,6,,,
승용자동차,32623649,-0.187,-17.0,11,,,
시럽,13471,-0.827,-56.0,13,3.0,블루오션 후보,0.0
시멘트,5826,-0.001,-0.0,1,,,
시선유도봉,27687,0.128,14.0,81,3.0,블루오션 후보,0.0
시소,3064783,-0.016,-2.0,155,,,
시트형탄성포장재,30147,-0.215,-19.0,2,,,
식기건조대,609153,-0.106,-10.0,275,,,
식기및컵회수차,509571,-0.027,-3.0,48,,,
식기세척제,2725,-0.045,-4.0,7,,,
식별용꼬리표,1361,0.129,14.0,2,,,
식용야채또는식물성기름,14339,0.459,58.0,53,3.0,블루오션 후보,0.0
식육가공품,12215,0.052,5.0,1395,1.0,진입제한 시장,1.0
식초,2330,-0.112,-11.0,5,,,
식탁,404720,-0.048,-5.0,1921,2.0,진입제한 시장,0.0
신문용지절지,33820,-0.413,-34.0,15,3.0,블루오션 후보,0.0
신발건조기,2140557,-0.177,-16.0,7,,,
신발장,307028,0.02,2.0,2788,,,
"신선케이크,파이또는패스트리",4602,0.215,24.0,44,,,
신재생에너지가로등,4793461,0.024,2.0,834,,,
신축관이음,3776820,-0.072,-7.0,464,,,
신호등주,1699286,0.022,2.0,1716,,,
실물모형및전시물,8105566,0.293,34.0,34,,,
실물화상기,679549,-0.162,-15.0,29,2.0,진입제한 시장,0.0
실습대,623217,-0.045,-4.0,952,2.0,진입제한 시장,0.0
실체현미경,626994,-0.27,-24.0,69,3.0,블루오션 후보,0.0
실험대,765081,0.014,1.0,2838,2.0,진입제한 시장,0.0
실험실용배기기,4995175,-0.043,-4.0,389,,,
실험실용보관장또는보조용품,433141,0.031,3.0,3141,,,
실험실용싱크대,622939,0.073,8.0,686,2.0,진입제한 시장,0.0
실험실용일반냉장고또는냉동고,6554815,-0.04,-4.0,33,3.0,블루오션 후보,0.0
실험실용초저온냉동고,6547190,0.405,50.0,1,,,
심박수계또는맥박수계,5077636,0.448,57.0,2,,,
심장충격기,1785812,-0.52,-41.0,14,,,
쓰레기봉투,25003,0.432,54.0,1,,,
쓰레기수거용트럭,76087983,0.403,50.0,21,,,
쓰레기통또는쓰레기통라이너,347420,0.021,2.0,625,2.0,진입제한 시장,0.0
아르곤가스,23766,2.025,300.0,2,,,
아스팔트개질제,80647,-0.471,-38.0,4,,,
아쟁(牙箏),4144668,0.126,13.0,36,,,
아크차단기,258539,0.122,13.0,2,,,
악기또는악보받침대,180785,-0.865,-58.0,9,0.0,관망 시장,1.0
안내판,1822396,0.031,3.0,4886,,,
안마의자임대서비스,4526335,-0.143,-13.0,31,,,
안전띠또는안전벨트,822132,0.554,74.0,1,,,
안전안경,17645,0.113,12.0,4,,,
안전용덧옷,2487,-0.218,-20.0,5,,,
안전유도블록,4026,0.016,2.0,127,,,
안전표지판,765666,0.011,1.0,137,,,
안전헬멧,68647,-1.831,-84.0,9,,,
알가공품,8203,0.062,6.0,78,,,
압력또는증기청소기,3015886,0.166,18.0,30,,,
압력식여과장치,78176894,0.439,55.0,3,,,
압륜,113321,-0.033,-3.0,103,,,
액체스트레이너,16438033,0.621,86.0,13,,,
야외운동기구,3243008,-0.021,-2.0,2281,2.0,진입제한 시장,0.0
약주또는청주,45038,-0.406,-33.0,3,,,
양금(洋琴),1615338,0.364,44.0,7,,,
양말,3399,-0.099,-9.0,6,0.0,관망 시장,1.0
양방향라디오,306311,0.244,28.0,40,,,
업소용세탁기,13765559,0.087,9.0,18,3.0,블루오션 후보,0.0
에어커튼,588349,-0.064,-6.0,59,3.0,블루오션 후보,0.0
엔진오일,35194,0.143,15.0,9,,,
엘리베이터,59312307,-0.04,-4.0,2705,,,
여성용구두,34310,0.213,24.0,4,,,
여성용셔츠또는블라우스,28699,-0.089,-9.0,15,3.0,블루오션 후보,0.0
여성용외투,68905,0.356,43.0,19,2.0,진입제한 시장,0.0
여성용전통의류,38563,1.869,300.0,1,,,
연관보일러,135606145,0.304,36.0,21,,,
연료전지전력공급장치,443283,6.094,300.0,1,,,
열무김치,18529,0.074,8.0,105,2.0,진입제한 시장,0.0
열전냉각기,12374582,-0.237,-21.0,10,,,
열펌프,14677924,-0.102,-10.0,59,,,
염소,18403,-3.272,-90.0,1,,,
염소처리장비,37548942,0.254,29.0,33,,,
영사대,1853991,0.078,8.0,72,,,
영사용스크린,934810,0.053,5.0,352,2.0,진입제한 시장,0.0
영상감시장치,5333242,-0.026,-3.0,7889,,,
영상정보디스플레이장치,4912130,-0.048,-5.0,311,,,
영상회의시스템,2242875,0.131,14.0,25,,,
예취기,3392252,0.086,9.0,54,,,
오디오모니터,813510,-0.307,-26.0,34,3.0,블루오션 후보,0.0
"오디오믹서,증폭기결합",1663522,0.074,8.0,139,,,
오디오앰프,2001004,-0.054,-5.0,624,3.0,블루오션 후보,0.0
오디오장비커넥터및스테이지박스,793110,0.135,14.0,30,3.0,블루오션 후보,0.0
오염제거기,1260906,0.07,7.0,59,,,
오이소박이김치,25246,0.128,14.0,33,3.0,블루오션 후보,0.0
오일여과장치,68320562,-0.016,-2.0,5,,,
옥외광섬유케이블,7117,-0.102,-10.0,2,,,
옥외용벤치,549217,-0.029,-3.0,2079,,,
온냉치료용기기또는장치,1802787,0.605,83.0,3,,,
온수제조기,6032677,0.099,10.0,61,3.0,블루오션 후보,0.0
온수탱크,18715394,-0.108,-10.0,48,,,
온풍난방기,711834,0.24,27.0,44,,,
와공후,1724185,1.034,181.0,1,,,
완충물,60930,0.139,15.0,1,,,
외국언어소프트웨어,6764031,0.123,13.0,3,,,
외벽패널,126817,0.03,3.0,733,,,
외용소독제,3710,-0.021,-2.0,53,,,
요,25972,0.119,13.0,16,2.0,진입제한 시장,0.0
요리용또는테이블용소금,6263,-0.347,-29.0,18,,,
요리용소스,8497,-0.033,-3.0,357,,,
용접철망,3270,0.151,16.0,347,,,
우산,23341,0.055,6.0,17,3.0,블루오션 후보,0.0
우산꽂이,315359,0.206,23.0,9,,,
우산빗물제거기,1068950,0.424,53.0,9,3.0,블루오션 후보,0.0
우편물봉합기,17321786,1.04,183.0,3,,,
운동용매트또는패딩,215142,0.088,9.0,105,,,
운동장및놀이터용기어오르기기구,5166969,-0.15,-14.0,99,,,
운동장및놀이터용흔들놀이기구,1282541,-0.035,-3.0,282,3.0,블루오션 후보,0.0
운영시스템소프트웨어,240767,1.214,237.0,10,,,
원거리교육서비스,5909,0.048,5.0,80,,,
원격자동검침시스템,176554,-0.261,-23.0,89,2.0,진입제한 시장,0.0
원심펌프,124312390,-0.049,-5.0,415,,,
월금(月琴),2971900,-0.024,-2.0,1,,,
웹페이지작성및편집소프트웨어,4648712,0.452,57.0,14,,,
유개트럭,30556246,0.733,108.0,23,,,
유기질비료,8826,0.164,18.0,10,3.0,블루오션 후보,0.0
유량계,6899463,0.048,5.0,721,,,
유리섬유강화플라스틱관,206881,0.142,15.0,69,,,
유리섬유강화플라스틱제관이음,159174,0.351,42.0,64,,,
유선송신기또는수신기,2119369,-0.753,-53.0,5,,,
유아용교구장,334232,0.037,4.0,1064,3.0,블루오션 후보,0.0
유아용탁자,164632,-0.008,-1.0,869,3.0,블루오션 후보,0.0
유압작동유,120881,0.105,11.0,4,,,
유지식물류,4885,0.454,57.0,14,,,
유틸리티소프트웨어,683066,0.793,121.0,92,3.0,블루오션 후보,0.0
융복합감시및탐지장비,1860256,0.042,4.0,7,,,
융복합고정네트워크장비및부품,2806731,1.394,300.0,13,,,
융복합관류,1817198,0.252,29.0,17,,,
융복합교통통제장비,1224360,0.024,2.0,36,,,
융복합복합영상장비및콘트롤러,4476276,-0.502,-39.0,3,,,
융복합외벽용재료,336344,-0.289,-25.0,1,,,
융복합외부바닥재료,1156330,0.082,9.0,182,,,
융복합천장재료,49102,-0.007,-1.0,43,,,
융복합표식장비,15308398,0.377,46.0,11,,,
윷놀이용품,12621,0.723,106.0,8,0.0,관망 시장,1.0
음수기,3615238,-0.041,-4.0,53,,,
음식물쓰레기종량기,1604228,-0.08,-8.0,2,,,
음식물쓰레기처리기,14470588,0.126,13.0,42,,,
음식물절단기,3214729,0.314,37.0,1,,,
음식쓰레기처리대,387868,-0.08,-8.0,91,3.0,블루오션 후보,0.0
음악또는소리편집소프트웨어,2669029,0.366,44.0,3,,,
응접탁자,286768,0.029,3.0,1163,2.0,진입제한 시장,0.0
응집제,175289,0.243,28.0,38,3.0,블루오션 후보,0.0
의료용냉장고,8315966,-0.077,-7.0,1,,,
의료용살충제,19220,0.091,10.0,345,3.0,블루오션 후보,0.0
의류대,31713,-0.124,-12.0,9,0.0,관망 시장,1.0
이동식부스,9723236,-0.046,-4.0,1044,,,
이동식서가,703489,-0.13,-12.0,602,,,
이동식스툴테이블,693169,0.002,0.0,116,,,
이동식화장실,66832928,-0.026,-3.0,1804,,,
이동형파일서랍,230637,0.01,1.0,1468,,,
이불,30349,0.086,9.0,26,3.0,블루오션 후보,0.0
이불커버,24359,-0.125,-12.0,9,2.0,진입제한 시장,0.0
이산화탄소가스,70188,1.364,291.0,1,,,
이식기,30684971,0.141,15.0,4,,,
이중바닥마루틀,53293,0.097,10.0,79,3.0,블루오션 후보,0.0
이중바닥재,73525,0.131,14.0,61,,,
이퀄라이저,1687261,0.261,30.0,70,,,
인공지능(AI)소프트웨어,6443693,0.677,97.0,52,,,
인조잔디,47085,0.02,2.0,86,3.0,블루오션 후보,0.0
인조잔디배수판,276407,-2.611,-90.0,1,,,
인증관리소프트웨어,4624687,0.746,111.0,41,,,
인증서버소프트웨어,7765358,0.599,82.0,43,3.0,블루오션 후보,0.0
인터랙티브화이트보드및액세서리,4317735,-0.023,-2.0,296,,,
인터콤시스템,1549871,-0.367,-31.0,20,3.0,블루오션 후보,0.0
일반행정공통서식,69380,-0.563,-43.0,2,,,
일산화탄소가스,179236,0.547,73.0,2,,,
일체형컴퓨터,1638994,-0.03,-3.0,75,2.0,진입제한 시장,0.0
일회용비밀번호생성기,3579,0.426,53.0,1,,,
잉크젯프린터,561235,-0.121,-11.0,7,3.0,블루오션 후보,0.0
잉크카트리지,2708,-0.155,-14.0,1,,,
자기띠판독기및부호기,41248,-2.11,-88.0,1,,,
자동문,7788413,-0.1,-10.0,30,,,
자동승강조명장치,1143741,0.164,18.0,208,3.0,블루오션 후보,0.0
자동차안정성컨트롤시스템,4701311,-0.752,-53.0,1,,,
자연치즈,10629,0.462,59.0,9,3.0,블루오션 후보,0.0
자외선살균기,50539324,0.024,2.0,20,,,
자전거보관대,2634094,-0.035,-3.0,764,,,
작물분절기,9345898,0.335,40.0,22,,,
작업용의자,215979,-0.007,-1.0,15331,1.0,진입제한 시장,0.0
잔교,55323603,0.197,22.0,96,,,
잔디보호매트,34091,0.342,41.0,2,,,
잡지꽂이,347504,0.097,10.0,432,,,
장갑,13272,0.115,12.0,26,2.0,진입제한 시장,0.0
장구,180666,-0.107,-10.0,47,3.0,블루오션 후보,0.0
장기보존도시락,3514,0.141,15.0,30,,,
장롱,427412,-0.027,-3.0,295,2.0,진입제한 시장,0.0
장미,17213,0.051,5.0,287,,,
장식용항아리,4053170,0.21,23.0,4,,,
장식품,25475,0.188,21.0,40,0.0,관망 시장,1.0
재활용품자동회수기,2052115,2.243,300.0,2,,,
"잼,젤리또는과일설탕절임",2822,0.373,45.0,32,,,
쟁기,5602282,-0.18,-16.0,49,,,
저수탱크및액세서리,19055645,0.043,4.0,674,,,
적외선카메라,3014000,-0.091,-9.0,5,,,
적조및녹조방제장치,71437262,-0.212,-19.0,2,,,
전광판,1776509,0.001,0.0,964,,,
전기밥솥,173028,-0.038,-4.0,14,3.0,블루오션 후보,0.0
전기스포츠유틸리티차량,34982359,0.239,27.0,8,,,
전기승용자동차,44634580,0.121,13.0,6,,,
전기이륜차,8750465,-0.585,-44.0,4,,,
전기함,48014,0.418,52.0,2,,,
전기화물트럭,77570684,-0.101,-10.0,15,,,
전도도측정기,1088600,-0.312,-27.0,1,,,
전동기제어반,16624569,-0.051,-5.0,2653,1.0,진입제한 시장,1.0
전력감시또는제어장치,196356,0.052,5.0,6,3.0,블루오션 후보,0.0
전력용변환기,7248897,0.11,12.0,4,,,
전력케이블,5107,-0.104,-10.0,3,,,
전선관,13915,-0.883,-59.0,4,,,
전원공급장치,1026972,-0.194,-18.0,90,,,
전자메일소프트웨어,2186013,-0.853,-57.0,6,,,
전자태그재물조사서비스,1696,0.246,28.0,31,,,
전지형에너지저장장치(BESS),3512888,4.039,300.0,2,,,
절연전선및피복선,15372,-1.899,-85.0,3,,,
접속단자대,35528,0.291,34.0,20,3.0,블루오션 후보,0.0
접이식의자,142481,0.017,2.0,4153,,,
접지장치또는조립품,26357,0.677,97.0,2,,,
젓가락,10527,-0.437,-35.0,1,,,
정류벽,175110,0.123,13.0,1,,,
정보검색또는서치소프트웨어,8746624,0.645,91.0,18,,,
정보통신공사,36542,0.826,128.0,5,,,
정보화교육서비스,10711,3.189,300.0,1,,,
정복,74449,-0.15,-14.0,153,2.0,진입제한 시장,0.0
정수기,5239162,-0.13,-12.0,81,,,
정찬식기세트,19993,0.87,139.0,5,,,
제본천공기,2560924,0.04,4.0,83,3.0,블루오션 후보,0.0
제설제또는서리제거제,17058,-0.066,-6.0,55,3.0,블루오션 후보,0.0
제수밸브,3269660,0.31,36.0,631,,,
제습기,1339815,0.102,11.0,59,2.0,진입제한 시장,0.0
제어케이블,2824,-0.067,-6.0,1,,,
제진기,172926530,-0.053,-5.0,782,,,
제초기,9088848,-0.131,-12.0,13,,,
조개통조림,4085,0.297,35.0,4,,,
조경관리서비스,1576389,-0.106,-10.0,182,,,
조경석,36651,0.021,2.0,327,2.0,진입제한 시장,0.0
조경시설물,1044541,-0.012,-1.0,1459,,,
조경용수목,32763,0.119,13.0,1746,,,
조립식구조물,2070989,-0.05,-5.0,29,0.0,관망 시장,0.0
조립식철근콘크리트암거블록,1407203,-0.04,-4.0,2465,,,
조명스탠드,381674,-1.296,-73.0,2,,,
조명제어장치,819751,0.738,109.0,142,,,
조명타워,10067299,-0.041,-4.0,238,,,
조합놀이대,45767205,0.02,2.0,1387,2.0,진입제한 시장,0.0
졸업앨범,27640,0.022,2.0,77,3.0,블루오션 후보,0.0
종이타월,31855,0.019,2.0,26,3.0,블루오션 후보,0.0
종이패드및공책,5771,0.783,119.0,4,,,
종이펀칭기또는바인딩기,1322417,0.2,22.0,30,,,
종합폴,5441898,-0.028,-3.0,411,,,
좌고(座鼓),162867,1.592,300.0,1,,,
주방기구소독기,3054606,0.01,1.0,589,2.0,진입제한 시장,0.0
주차관제장치,4578058,0.108,11.0,1956,,,
중력식여과장치,170417261,-0.004,-0.0,6,,,
중형트럭용타이어,82303,1.224,240.0,5,0.0,관망 시장,0.0
즉석건조식품,7400,-0.11,-10.0,32,,,
즉석식사또는조리된곡물,8961,0.0,0.0,44,,,
즉석조리식품,7016,0.025,3.0,372,3.0,블루오션 후보,0.0
지도제작소프트웨어,40485802,0.125,13.0,11,,,
지중선로표시기,311522,-2.523,-90.0,1,,,
지진계,1142471,2.235,300.0,2,,,
지폐계수기,1291869,0.032,3.0,11,,,
지하수상부보호공,5606312,0.168,18.0,54,,,
진공청소기,381767,-0.053,-5.0,68,3.0,블루오션 후보,0.0
질감조성물질,130725,0.55,73.0,3,,,
질소,40462,0.449,57.0,4,,,
집진기,80251241,0.007,1.0,3,,,
차량도장서비스,10189275,-1.158,-69.0,1,,,
차량번호판독기,11459679,0.111,12.0,57,,,
차량차체용적재함,21767552,-0.155,-14.0,3,,,
차선분리대,175012,0.02,2.0,230,3.0,블루오션 후보,0.0
차양,292580,-0.001,-0.0,2798,1.0,진입제한 시장,0.0
차열도색재,39102,0.153,17.0,113,,,
차음료,3021,-0.027,-3.0,6,,,
찬장,954074,-0.012,-1.0,69,,,
책상,347961,-0.005,-0.0,10802,1.0,진입제한 시장,0.0
책상용콤비의자,224082,-0.051,-5.0,44,2.0,진입제한 시장,0.0
책상정리함,25991,2.446,300.0,1,,,
책소독기,4306408,0.118,13.0,19,3.0,블루오션 후보,0.0
책운반기,434817,0.01,1.0,81,,,
책장,341145,-0.013,-1.0,10126,1.0,진입제한 시장,0.0
천장패널,28214,0.016,2.0,383,,,
철강빔,1254676,0.002,0.0,181,,,
철근또는강철봉,589451,0.38,46.0,31,,,
철근콘크리트공사,11188,1.731,300.0,2,,,
청국장,5484,0.501,65.0,6,,,
청량음료,1048,0.022,2.0,20,,,
청소도구함,279039,-0.024,-2.0,407,1.0,진입제한 시장,0.0
체조용바또는빔,2048035,-0.255,-23.0,59,3.0,블루오션 후보,0.0
체크밸브,15680908,0.003,0.0,142,,,
체험활동서비스,336234,0.227,25.0,26,,,
총각김치,18331,0.101,11.0,102,2.0,진입제한 시장,0.0
출입통제시스템,1850353,0.097,10.0,255,,,
충격완충장치,4254574,-0.217,-20.0,17,,,
충전장치,2307445,0.05,5.0,196,,,
칠판또는액세서리,1062708,-0.003,-0.0,968,,,
칠판보조장,3301755,-0.025,-2.0,1143,2.0,진입제한 시장,0.0
침대,535790,-0.052,-5.0,663,2.0,진입제한 시장,0.0
카메라받침대,89509,0.38,46.0,6,3.0,블루오션 후보,0.0
카메라용렌즈또는카메라용필터,983190,0.351,42.0,54,,,
카메라플래시또는광원,240349,0.729,107.0,3,,,
카스토퍼,23444,0.043,4.0,29,3.0,블루오션 후보,0.0
카운터,1049902,0.12,13.0,385,,,
카트,2307994,0.125,13.0,3,,,
칸막이형열람대,478281,-0.057,-6.0,913,2.0,진입제한 시장,0.0
캐비닛,282807,0.004,0.0,9320,1.0,진입제한 시장,0.0
커튼,33633,-0.083,-8.0,153,2.0,진입제한 시장,0.0
커튼봉,63905,-0.653,-48.0,75,3.0,블루오션 후보,0.0
커플링식관이음,393597,0.757,113.0,6,,,
커피음료,2285,-0.532,-41.0,23,,,
커피잔또는찻잔,63927,-0.194,-18.0,10,0.0,관망 시장,0.0
컨테이너하우스,27155779,0.021,2.0,3098,2.0,진입제한 시장,0.0
컴퓨터네트워크또는인터넷보안서비스,28507,8.464,300.0,1,,,
컴퓨터또는노트북스탠드,1364750,-0.345,-29.0,4,,,
컴퓨터본체보관장및받침대,92586,-0.348,-29.0,42,3.0,블루오션 후보,0.0
컴퓨터서버,18359338,-0.092,-9.0,348,2.0,진입제한 시장,0.0
컴퓨터시스템설치,67783,-0.795,-55.0,2,,,
컴퓨터용보안기,110482,-0.531,-41.0,10,3.0,블루오션 후보,0.0
컴퓨터책상,426129,-0.011,-1.0,2249,1.0,진입제한 시장,0.0
컴퓨터출력용지,35853,2.013,300.0,2,,,
컴퓨터키오스크,20321457,-0.182,-17.0,55,3.0,블루오션 후보,1.0
케이블트레이,130040,0.013,1.0,305,,,
케이블트레이부속품,10416,0.011,1.0,51,,,
코르크바닥포장재,122165,0.105,11.0,78,,,
콘크리트관,247121,-0.335,-28.0,18,2.0,진입제한 시장,0.0
콘크리트기초,192680,-0.003,-0.0,211,,,
콘크리트벽돌,1305,-0.328,-28.0,11,,,
콘크리트블록,25770,-0.001,-0.0,3423,,,
콘텐츠관리소프트웨어,4937348,1.028,180.0,34,,,
콤바인,129280103,-0.284,-25.0,6,,,
콤팩트디스크재생또는녹음기,821539,0.224,25.0,46,,,
크레덴자,590251,0.154,17.0,133,3.0,블루오션 후보,0.0
크레인붙이트럭,6590249,3.255,300.0,6,,,
클라우드서비스,2236551,3.701,300.0,7,,,
클라우드소프트웨어,788474,-0.484,-38.0,2,,,
클라우드지원서비스,2701245,3.611,300.0,1,,,
탁도계,1826012,-1.413,-76.0,2,,,
탈곡기,2380035,0.662,94.0,12,,,
탈수및배수장치,136662469,0.091,10.0,23,,,
탈취기,121091766,0.377,46.0,10,,,
탈취제,107282,0.174,19.0,75,,,
태블릿컴퓨터,1040385,-0.781,-54.0,11,3.0,블루오션 후보,0.0
태양광발전장치,69811402,-0.018,-2.0,4083,,,
탱크트럭,99205853,-0.049,-5.0,11,,,
터널진입차단설비,87942895,0.505,66.0,7,,,
텔레비전,970625,-0.05,-5.0,70,3.0,블루오션 후보,0.0
텔레비전보관장및받침대,260430,-0.054,-5.0,226,,,
토공사,10282,-0.49,-39.0,5,,,
토너,66770,0.036,4.0,523,3.0,블루오션 후보,0.0
토목섬유,29697,0.043,4.0,2019,,,
토목용보강재,7046,0.05,5.0,3,,,
토양개량제,27006,-0.164,-15.0,86,3.0,블루오션 후보,0.0
통신서버소프트웨어,3282725,0.392,48.0,554,,,
통신케이블어셈블리,235032,0.095,10.0,893,3.0,블루오션 후보,0.0
퇴비살포기,12605449,0.049,5.0,56,,,
투광조명,548476,-0.014,-1.0,2298,1.0,진입제한 시장,1.0
투수골재포장재,108326,0.157,17.0,19,,,
투수콘크리트,118766,0.43,54.0,14,3.0,블루오션 후보,0.0
트래픽콘또는델리네이터,19338,0.137,15.0,138,,,
트랜잭션보안및바이러스보호소프트웨어,4534762,0.304,36.0,632,,,
트럭장착식제설기,7248805,0.447,56.0,5,,,
트레드밀,2750891,0.004,0.0,6,2.0,진입제한 시장,0.0
트렐리스,3739103,0.003,0.0,55,,,
특수목적컴퓨터,5299967,-0.109,-10.0,21,,,
특수봉투,5442,-0.171,-16.0,9,,,
특수블록,47597,2.314,300.0,4,,,
특수지붕재,161079,0.205,23.0,32,,,
특수페인트,33949,-0.958,-62.0,5,,,
파김치,43271,0.187,21.0,69,3.0,블루오션 후보,0.0
파라솔,2330340,-0.08,-8.0,69,,,
파일링캐비닛또는액세서리,254873,0.035,4.0,214,,,
파일시스템소프트웨어,6231716,0.392,48.0,223,3.0,블루오션 후보,0.0
파종기,8823492,-0.003,-0.0,65,,,
파형강관,253388,0.027,3.0,2874,2.0,진입제한 시장,0.0
파형강관이음관,157983,0.141,15.0,1381,2.0,진입제한 시장,0.0
패널시스템용보관함,37653,-0.087,-8.0,27,,,
패널시스템용칸막이,186436,0.023,2.0,9410,,,
패키지소프트웨어개발및도입서비스,377263,-0.037,-4.0,759,,,
팩스용지,1933,-0.087,-8.0,1,,,
팬코일유닛,347314,-0.094,-9.0,134,,,
팬티,5753,-0.175,-16.0,17,0.0,관망 시장,1.0
퍼걸러,20536748,-0.062,-6.0,7579,,,
페그보드,6713290,-0.892,-59.0,1,,,
평면스크린,152428646,-0.028,-3.0,169,,,
포설형탄성포장재,64592,0.031,3.0,705,,,
포장공사,3383,1.583,300.0,2,,,
포장용테이프,1396,-0.272,-24.0,2,,,
포크,10940,0.41,51.0,6,0.0,관망 시장,0.0
폴리에틸렌관,58273,0.042,4.0,4849,2.0,진입제한 시장,0.0
폴리에틸렌물받이,137384,0.196,22.0,11,3.0,블루오션 후보,0.0
폴리에틸렌제관이음,74619,0.014,1.0,1416,2.0,진입제한 시장,0.0
폴리우레아수지도막방수재,55319,0.007,1.0,1181,,,
폴리프로필렌관,30788,-0.206,-19.0,8,0.0,관망 시장,0.0
표준봉투,5715,-0.201,-18.0,26,,,
표창장,34850,-1.254,-71.0,2,,,
"푸딩소스,양념류또는매리네이드",5393,-0.44,-36.0,11,3.0,블루오션 후보,0.0
프로그램개발용소프트웨어,14466455,-0.109,-10.0,17,,,
프로세스제어반,3317625,1.723,300.0,2,,,
프린터또는복사기용지,26998,-0.056,-5.0,122,2.0,진입제한 시장,0.0
프린터라벨,1204,-0.112,-11.0,1,,,
프린터리본,99601,0.495,64.0,2,,,
플라스틱그레이팅,40918,0.782,119.0,6,3.0,블루오션 후보,0.0
플라스틱바닥재,28158,0.889,143.0,1,,,
플라스틱포대,6526,0.066,7.0,44,,,
플랩밸브,5047074,0.203,23.0,426,,,
플랫폼트럭,322521,-0.066,-6.0,24,3.0,블루오션 후보,0.0
플러그용잭,116325,0.091,10.0,308,,,
피복강관,1308823,0.037,4.0,55,,,
피복강관이음,4047293,0.021,2.0,119,,,
필기용지,27367,-0.124,-12.0,12,2.0,진입제한 시장,0.0
필통,37730,0.267,31.0,5,0.0,관망 시장,1.0
하드디스크드라이브,1366665,0.03,3.0,417,,,
하드디스크어레이,26397708,0.139,15.0,89,,,
하부집수장치,767804,-0.185,-17.0,1,,,
하수악취차단장치,92860,0.13,14.0,121,3.0,블루오션 후보,0.0
하체근력강화기,2671450,-0.031,-3.0,54,,,
학생용책상,73210,0.031,3.0,642,2.0,진입제한 시장,0.0
한과,30166,-0.071,-7.0,14,0.0,관망 시장,0.0
한지,36649,-0.061,-6.0,15,0.0,관망 시장,0.0
합성목재,96553,0.036,4.0,150,,,
합성섬유솜,1019,0.105,11.0,1,,,
합성수지제문,56382,0.003,0.0,57,2.0,진입제한 시장,0.0
합성수지제문틀,41470,0.042,4.0,127,2.0,진입제한 시장,0.0
합성수지제창,14774,0.032,3.0,605,,,
합성편직물,5758,1.013,175.0,1,,,
합성평직물,1227,0.002,0.0,8,,,
항공기연료,2692,-0.43,-35.0,3,,,
항온항습기,13401561,0.505,66.0,9,,,
해금(奚金),1077314,0.432,54.0,60,,,
해상부유구조물,68194051,-0.031,-3.0,5857,,,
해양환경관리서비스,10270833,1.337,281.0,2,,,
핸드드라이어,223862,0.541,72.0,12,,,
핸드백또는지갑,19795,0.463,59.0,2,,,
향비파(鄕琵琶),1805717,0.633,88.0,1,,,
향신료또는액즙,23233,0.621,86.0,9,3.0,블루오션 후보,0.0
헬기서비스,2925618,0.359,43.0,1,,,
헬륨가스,17756,3.218,300.0,1,,,
현광방지장치,31666,-0.088,-8.0,3,,,
혈액냉동고,16025465,-0.13,-12.0,10,,,
협잡물처리기,8280765,3.225,300.0,6,,,
호신용장갑,52757,1.41,300.0,1,,,
혼합골재,14242,-0.062,-6.0,43,,,
혼합장,13297,-0.418,-34.0,12,,,
혼합조미료,10791,0.101,11.0,64,3.0,블루오션 후보,0.0
화물트럭,37730278,-0.147,-14.0,38,,,
화분,135500,0.092,10.0,237,3.0,블루오션 후보,0.0
화상회의소프트웨어,7015515,-0.216,-19.0,4,,,
화염감지기,1257719,0.934,154.0,1,,,
화장실용화장지,37461,0.039,4.0,48,3.0,블루오션 후보,0.0
화장실칸막이,145329,0.014,1.0,1214,3.0,블루오션 후보,0.0
화재경보장치,1255889,0.064,7.0,67,,,
회의용탁자,341579,-0.016,-2.0,6660,1.0,진입제한 시장,0.0
휠체어리프트,30018536,0.228,26.0,3,,,
휴대용하드디스크저장장치,228175,-0.124,-12.0,1,,,
휴대전화기,1883985,0.044,4.0,3,,,
흙콘크리트,42159,0.043,4.0,673,,,
흡음패널,48799,-0.03,-3.0,306,,,
